source,target,value
Node_1,Node_2,1
Node_2,Node_2,1
Node_3,Node_4,1
Node_4,Node_5,1
Node_6,Node_5,1
Node_7,Node_32,1
Node_9,Node_5,1
Node_10,Node_2,1
Node_11,Node_2,1
Node_12,Node_10,1
Node_13,Node_2,1
Node_14,Node_2,1
Node_15,Node_2,1
Node_16,Node_2,1
Node_17,Node_16,1
Node_18,Node_16,1
Node_19,Node_5,1
Node_20,Node_19,1
Node_21,Node_19,1
Node_22,Node_21,1
Node_23,Node_12,1
Node_24,Node_10,1
Node_25,Node_10,1
Node_26,Node_19,1
Node_28,Node_2,1
Node_29,Node_28,1
Node_30,Node_28,1
Node_31,Node_28,1
Node_10,Node_11,1
Node_11,Node_10,1
Node_13,Node_5,1
Node_14,Node_5,1
Node_4,Node_5,1
Node_8,Node_7,1
Node_27,Node_9,1
